{
  "type": "minecraft:entity",
  "pools": [
    {
      "rolls": 1,
      "entries": [
        {
          "type": "minecraft:loot_table",
          "name": "vanilla:entities/pillager"
        }
      ]
    },
    {
      "rolls": 1,
      "entries": [
        {
          "type": "item",
          "name": "minecraft:player_head",
          "weight": 1,
          "functions": [
            {
              "function": "set_nbt",
              "tag": "{SkullOwner:{Id:\"1ac9d5aa-46ef-4d71-b077-4564382c0a43\",Name:\"Pillager\",Properties:{textures:[{Value:\"eyJ0ZXh0dXJlcyI6eyJTS0lOIjp7InVybCI6Imh0dHA6Ly90ZXh0dXJlcy5taW5lY3JhZnQubmV0L3RleHR1cmUvNGFlZTZiYjM3Y2JmYzkyYjBkODZkYjVhZGE0NzkwYzY0ZmY0NDY4ZDY4Yjg0OTQyZmRlMDQ0MDVlOGVmNTMzMyJ9fX0=\"}]}}}"
            }
          ]
        }
      ],
      "conditions": [
        {
          "condition": "killed_by_player"
        },
        {
          "condition": "random_chance_with_looting",
          "chance": 0.035,
          "looting_multiplier": 0.005
        }
      ]
    }
  ]
}
