{
  "type": "minecraft:entity",
  "pools": [
    {
      "rolls": 1,
      "entries": [
        {
          "type": "minecraft:loot_table",
          "name": "vanilla:entities/salmon"
        }
      ]
    },
    {
      "rolls": 1,
      "entries": [
        {
          "type": "item",
          "name": "minecraft:player_head",
          "weight": 1,
          "functions": [
            {
              "function": "set_nbt",
              "tag": "{SkullOwner:{Id:\"e246c06c-5d6a-4fd9-b600-c6bd71336b7a\",Name:\"Salmon\",Properties:{textures:[{Value:\"eyJ0ZXh0dXJlcyI6eyJTS0lOIjp7InVybCI6Imh0dHA6Ly90ZXh0dXJlcy5taW5lY3JhZnQubmV0L3RleHR1cmUvYWRmYzU3ZDA5MDU5ZTQ3OTlmYTkyYzE1ZTI4NTEyYmNmYWExMzE1NTc3ZmUzYTI3YWVkMzg5ZTRmNzUyMjg5YSJ9fX0=\"}]}}}"
            }
          ]
        }
      ],
      "conditions": [
        {
          "condition": "killed_by_player"
        },
        {
          "condition": "random_chance_with_looting",
          "chance": 0.10,
          "looting_multiplier": 0.01
        }
      ]
    }
  ]
}
