{
  "type": "minecraft:entity",
  "pools": [
    {
      "rolls": 1,
      "entries": [
        {
          "type": "minecraft:loot_table",
          "name": "vanilla:entities/skeleton_horse"
        }
      ]
    },
    {
      "rolls": 1,
      "entries": [
        {
          "type": "item",
          "name": "minecraft:player_head",
          "weight": 1,
          "functions": [
            {
              "function": "set_nbt",
              "tag": "{SkullOwner:{Id:\"bcbce5bf-86c4-4e62-9fc5-0cc90de94b6d\",Name:\"Skeleton Horse\",Properties:{textures:[{Value:\"eyJ0ZXh0dXJlcyI6eyJTS0lOIjp7InVybCI6Imh0dHA6Ly90ZXh0dXJlcy5taW5lY3JhZnQubmV0L3RleHR1cmUvNDdlZmZjZTM1MTMyYzg2ZmY3MmJjYWU3N2RmYmIxZDIyNTg3ZTk0ZGYzY2JjMjU3MGVkMTdjZjg5NzNhIn19fQ==\"}]}}}"
            }
          ]
        }
      ],
      "conditions": [
        {
          "condition": "killed_by_player"
        },
        {
          "condition": "random_chance_with_looting",
          "chance": 0.20,
          "looting_multiplier": 0.05
        }
      ]
    }
  ]
}
