{
  "type": "minecraft:entity",
  "pools": [
    {
      "rolls": 1,
      "entries": [
        {
          "type": "minecraft:loot_table",
          "name": "vanilla:entities/vindicator"
        }
      ]
    },
    {
      "rolls": 1,
      "entries": [
        {
          "type": "item",
          "name": "minecraft:player_head",
          "weight": 1,
          "functions": [
            {
              "function": "set_nbt",
              "tag": "{SkullOwner:{Id:\"98f19bf0-2ba9-45f8-a89b-c0f4243909f9\",Name:\"Vindicator\",Properties:{textures:[{Value:\"eyJ0ZXh0dXJlcyI6eyJTS0lOIjp7InVybCI6Imh0dHA6Ly90ZXh0dXJlcy5taW5lY3JhZnQubmV0L3RleHR1cmUvNmRlYWVjMzQ0YWIwOTViNDhjZWFkNzUyN2Y3ZGVlNjFiMDYzZmY3OTFmNzZhOGZhNzY2NDJjODY3NmUyMTczIn19fQ==\"}]}}}"
            }
          ]
        }
      ],
      "conditions": [
        {
          "condition": "killed_by_player"
        },
        {
          "condition": "random_chance_with_looting",
          "chance": 0.055,
          "looting_multiplier": 0.015
        }
      ]
    }
  ]
}
