{
  "type": "minecraft:entity",
  "pools": [
    {
      "rolls": 1,
      "entries": [
        {
          "type": "minecraft:loot_table",
          "name": "vanilla:entities/zombie_horse"
        }
      ]
    },
    {
      "rolls": 1,
      "entries": [
        {
          "type": "item",
          "name": "minecraft:player_head",
          "weight": 1,
          "functions": [
            {
              "function": "set_nbt",
              "tag": "{SkullOwner:{Id:\"ab9ea02c-4fd1-4895-85c9-d2b407d5d6f2\",Name:\"Zombie Horse\",Properties:{textures:[{Value:\"eyJ0ZXh0dXJlcyI6eyJTS0lOIjp7InVybCI6Imh0dHA6Ly90ZXh0dXJlcy5taW5lY3JhZnQubmV0L3RleHR1cmUvZDIyOTUwZjJkM2VmZGRiMThkZTg2ZjhmNTVhYzUxOGRjZTczZjEyYTZlMGY4NjM2ZDU1MWQ4ZWI0ODBjZWVjIn19fQ==\"}]}}}"
            }
          ]
        }
      ],
      "conditions": [
        {
          "condition": "killed_by_player"
        }
      ]
    }
  ]
}
