{
  "type": "minecraft:entity",
  "pools": [
    {
      "rolls": 1,
      "entries": [
        {
          "type": "minecraft:loot_table",
          "name": "vanilla:entities/sheep/brown"
        }
      ]
    },
    {
      "rolls": 1,
      "entries": [
        {
          "type": "item",
          "name": "minecraft:player_head",
          "weight": 1,
          "functions": [
            {
              "function": "set_nbt",
              "tag": "{SkullOwner:{Id:\"68f33306-b8e2-472b-984e-6a05ecb32d63\",Name:\"Brown Sheep\",Properties:{textures:[{Value:\"eyJ0ZXh0dXJlcyI6eyJTS0lOIjp7InVybCI6Imh0dHA6Ly90ZXh0dXJlcy5taW5lY3JhZnQubmV0L3RleHR1cmUvYTU1YWQ2ZTVkYjU2OTJkODdmNTE1MTFmNGUwOWIzOWZmOWNjYjNkZTdiNDgxOWE3Mzc4ZmNlODU1M2I4In19fQ==\"}]}}}"
            }
          ]
        }
      ],
      "conditions": [
        {
          "condition": "killed_by_player"
        },
        {
          "condition": "inverted",
          "term": {
            "condition": "entity_properties",
            "predicate": {
              "nbt": "{CustomName:\"{\\\"text\\\":\\\"jeb_\\\"}\"}"
            },
            "entity": "this"
          }
        },
        {
          "condition": "random_chance_with_looting",
          "chance": 0.0175,
          "looting_multiplier": 0.0025
        }
      ]
    },
    {
      "rolls": 1,
      "entries": [
        {
          "type": "minecraft:loot_table",
          "name": "minecraft:entities/sheep/jeb_sheep"
        }
      ]
    }
  ]
}
