{
  "type": "minecraft:entity",
  "pools": [
    {
      "rolls": 1,
      "entries": [
        {
          "type": "minecraft:loot_table",
          "name": "vanilla:entities/sheep/green"
        }
      ]
    },
    {
      "rolls": 1,
      "entries": [
        {
          "type": "item",
          "name": "minecraft:player_head",
          "weight": 1,
          "functions": [
            {
              "function": "set_nbt",
              "tag": "{SkullOwner:{Id:\"710d1cc5-d61c-415b-b4a6-658d1e5652e8\",Name:\"Green Sheep\",Properties:{textures:[{Value:\"eyJ0ZXh0dXJlcyI6eyJTS0lOIjp7InVybCI6Imh0dHA6Ly90ZXh0dXJlcy5taW5lY3JhZnQubmV0L3RleHR1cmUvYTAxNzIxNWM3ZjhkYjgyMDQwYWEyYzQ3Mjk4YjY2NTQxYzJlYjVmN2Y5MzA0MGE1ZDIzZDg4ZjA2ODdkNGIzNCJ9fX0=\"}]}}}"
            }
          ]
        }
      ],
      "conditions": [
        {
          "condition": "killed_by_player"
        },
        {
          "condition": "inverted",
          "term": {
            "condition": "entity_properties",
            "predicate": {
              "nbt": "{CustomName:\"{\\\"text\\\":\\\"jeb_\\\"}\"}"
            },
            "entity": "this"
          }
        },
        {
          "condition": "random_chance_with_looting",
          "chance": 0.0175,
          "looting_multiplier": 0.0025
        }
      ]
    },
    {
      "rolls": 1,
      "entries": [
        {
          "type": "minecraft:loot_table",
          "name": "minecraft:entities/sheep/jeb_sheep"
        }
      ]
    }
  ]
}
