{
  "type": "minecraft:entity",
  "pools": [
    {
      "rolls": 1,
      "entries": [
        {
          "type": "minecraft:loot_table",
          "name": "vanilla:entities/sheep/lime"
        }
      ]
    },
    {
      "rolls": 1,
      "entries": [
        {
          "type": "item",
          "name": "minecraft:player_head",
          "weight": 1,
          "functions": [
            {
              "function": "set_nbt",
              "tag": "{SkullOwner:{Id:\"2d1afbe7-9651-45f7-bf6e-fa7647ed6a42\",Name:\"Lime Sheep\",Properties:{textures:[{Value:\"eyJ0ZXh0dXJlcyI6eyJTS0lOIjp7InVybCI6Imh0dHA6Ly90ZXh0dXJlcy5taW5lY3JhZnQubmV0L3RleHR1cmUvOTJhMjQ0OGY1OGE0OTEzMzI0MzRlODVjNDVkNzg2ZDg3NDM5N2U4MzBhM2E3ODk0ZTZkOTI2OTljNDJiMzAifX19\"}]}}}"
            }
          ]
        }
      ],
      "conditions": [
        {
          "condition": "killed_by_player"
        },
        {
          "condition": "inverted",
          "term": {
            "condition": "entity_properties",
            "predicate": {
              "nbt": "{CustomName:\"{\\\"text\\\":\\\"jeb_\\\"}\"}"
            },
            "entity": "this"
          }
        },
        {
          "condition": "random_chance_with_looting",
          "chance": 0.0175,
          "looting_multiplier": 0.0025
        }
      ]
    },
    {
      "rolls": 1,
      "entries": [
        {
          "type": "minecraft:loot_table",
          "name": "minecraft:entities/sheep/jeb_sheep"
        }
      ]
    }
  ]
}
