{
    "display": {
        "icon": {
            "item": "minecraft:clock"
        },
        "title": {
            "text": "AFK Display",
            "color": "white",
            "bold": false,
            "italic": false
        },
        "description": {
            "text": "Greys out a player's name that is not moving for 5 minutes.",
            "color": "green",
            "bold": false,
            "italic": true
        },
        "show_toast": false,
        "announce_to_chat": false,
        "frame": "goal"
    },
    "parent": "main:main/root",
    "criteria": {
        "tick": {
            "trigger": "minecraft:tick"
        }
    }
}